id,link_id,created_utc,body,sentiment_advanced,score,permalink,subreddit,url
c_pt_9001_a,t3_demo_9001,1744286400,"Totally agree about streaming stability. [neutral] · c:c_pt_9001_a",neutral,120,/r/movie_chat/comments/9001/demo_thread/c_pt_9001_a/,movie_chat,https://example.com/demo/r/movie_chat/comments/9001/demo_thread/c_pt_9001_a/
c_pt_9001_b,t3_demo_9001,1744293600,"Pricing feels steep compared to last year. [negative] · c:c_pt_9001_b",negative,890,/r/movie_chat/comments/9001/demo_thread/c_pt_9001_b/,movie_chat,https://example.com/demo/r/movie_chat/comments/9001/demo_thread/c_pt_9001_b/
c_pt_9001_c,t3_demo_9001,1744300800,"Regional catalog is the real pain point here. [neutral] · c:c_pt_9001_c",neutral,45,/r/movie_chat/comments/9001/demo_thread/c_pt_9001_c/,movie_chat,https://example.com/demo/r/movie_chat/comments/9001/demo_thread/c_pt_9001_c/
c_pt_9002_a,t3_demo_9002,1744449600,"Support was slow but catalog search is fine. [neutral] · c:c_pt_9002_a",neutral,30,/r/cordcutters_sandbox/comments/9002/demo_thread/c_pt_9002_a/,cordcutters_sandbox,https://example.com/demo/r/cordcutters_sandbox/comments/9002/demo_thread/c_pt_9002_a/
c_pt_9002_b,t3_demo_9002,1744456800,"HDR on my OLED still looks odd in dark scenes. [negative] · c:c_pt_9002_b",negative,210,/r/cordcutters_sandbox/comments/9002/demo_thread/c_pt_9002_b/,cordcutters_sandbox,https://example.com/demo/r/cordcutters_sandbox/comments/9002/demo_thread/c_pt_9002_b/
c_pt_9003_a,t3_demo_9003,1744622400,"Totally agree about streaming stability. [positive] · c:c_pt_9003_a",positive,55,/r/stream_quality/comments/9003/demo_thread/c_pt_9003_a/,stream_quality,https://example.com/demo/r/stream_quality/comments/9003/demo_thread/c_pt_9003_a/
c_pt_9004_a,t3_demo_9004,1744708800,"Pricing feels steep compared to last year. [negative] · c:c_pt_9004_a",negative,340,/r/subscription_deals/comments/9004/demo_thread/c_pt_9004_a/,subscription_deals,https://example.com/demo/r/subscription_deals/comments/9004/demo_thread/c_pt_9004_a/
c_pt_9004_b,t3_demo_9004,1744716000,"Renewal bumped 12% but email arrived only 48h before charge. [negative] · c:c_pt_9004_b",negative,520,/r/subscription_deals/comments/9004/demo_thread/c_pt_9004_b/,subscription_deals,https://example.com/demo/r/subscription_deals/comments/9004/demo_thread/c_pt_9004_b/
c_pt_9005_a,t3_demo_9005,1744795200,"Compare providers view is cluttered after UI changes. [negative] · c:c_pt_9005_a",negative,12,/r/tv_apps_lab/comments/9005/demo_thread/c_pt_9005_a/,tv_apps_lab,https://example.com/demo/r/tv_apps_lab/comments/9005/demo_thread/c_pt_9005_a/
